{
    "INTC": {
        "Open": 0.0,
        "High": 0.0,
        "Low": 0.0,
        "Close": 0.0,
        "Volume": 30906.0,
        "Quantity": -7,
        "Time": "11:40:17"
    },
    "BA": {
        "Open": 0.0,
        "High": 0.0,
        "Low": -0.07999999999998408,
        "Close": 0.6899999999999977,
        "Volume": 66709.0,
        "Quantity": -4,
        "Time": "11:56:45"
    }
}