{
    "NWHM": {
        "Open": 0.0,
        "High": 0.0,
        "Low": 0.0,
        "Close": -0.08999999999999986,
        "Volume": 6256.0,
        "Time": "07:48:35"
    },
    "BASFY": {
        "Open": 0.0,
        "High": 0.0,
        "Low": 0.0,
        "Close": -0.030000000000001137,
        "Volume": 4092.0,
        "Time": "07:49:30"
    },
    "DMLRY": {
        "Open": 0.0,
        "High": 0.0,
        "Low": -0.11999999999999922,
        "Close": -0.11000000000000121,
        "Volume": 6446.0,
        "Time": "08:04:57"
    },
    "CMD": {
        "Open": 0.0,
        "High": 1.0200000000000031,
        "Low": 0.0,
        "Close": 0.9099999999999966,
        "Volume": 75289.0,
        "Time": "08:05:16"
    },
    "SOMMY": {
        "Open": 0.0,
        "High": 0.0,
        "Low": 0.0,
        "Close": -0.08999999999999986,
        "Volume": 210.0,
        "Time": "08:07:31"
    },
    "ANZBY": {
        "Open": 0.0,
        "High": 0.0,
        "Low": -0.03999999999999915,
        "Close": -0.07000000000000028,
        "Volume": 3201.0,
        "Time": "08:07:43"
    },
    "PVL": {
        "Open": 0.0,
        "High": 0.0,
        "Low": -0.040000000000000036,
        "Close": -0.043299999999999894,
        "Volume": 27072.0,
        "Time": "08:09:39"
    },
    "NABZY": {
        "Open": 0.0,
        "High": 0.0,
        "Low": 0.0,
        "Close": -0.019999999999999574,
        "Volume": 761.0,
        "Time": "08:10:05"
    },
    "BOIVF": {
        "Open": 0.0,
        "High": 0.0,
        "Low": 0.0,
        "Close": -0.050000000000000266,
        "Volume": 5359.0,
        "Time": "08:11:04"
    },
    "NSANY": {
        "Open": 0.0,
        "High": 0.009999999999999787,
        "Low": 0.0,
        "Close": 0.0,
        "Volume": 30862.0,
        "Time": "08:11:25"
    },
    "TUIFY": {
        "Open": 0.0,
        "High": 0.0,
        "Low": 0.0,
        "Close": -0.018999999999999684,
        "Volume": 46693.0,
        "Time": "08:12:59"
    },
    "BNPQY": {
        "Open": 0.0,
        "High": 0.0,
        "Low": 0.0,
        "Close": -0.10999999999999943,
        "Volume": 6843.0,
        "Time": "08:13:12"
    },
    "TGLVY": {
        "Open": 0.0,
        "High": 0.0,
        "Low": 0.0,
        "Close": -0.10999999999999943,
        "Volume": 700.0,
        "Time": "08:13:37"
    },
    "MGI": {
        "Open": 0.0,
        "High": 0.0,
        "Low": 0.0,
        "Close": -0.04290000000000038,
        "Volume": 291959.0,
        "Time": "08:13:51"
    },
    "BLDR": {
        "Open": 0.0,
        "High": 0.5399999999999991,
        "Low": 0.0,
        "Close": 0.2799999999999976,
        "Volume": 304388.0,
        "Time": "08:14:08"
    },
    "CLF": {
        "Open": 0.0,
        "High": 0.0,
        "Low": 0.0,
        "Close": 0.019999999999999574,
        "Volume": 517099.0,
        "Time": "08:14:40"
    },
    "HT-PE": {
        "Open": 0.0,
        "High": 0.07000000000000028,
        "Low": -0.3800000000000008,
        "Close": -0.23000000000000043,
        "Volume": 600.0,
        "Time": "08:14:50"
    },
    "JEF": {
        "Open": 0.0,
        "High": 0.0,
        "Low": 0.0,
        "Close": -0.120000000000001,
        "Volume": 45296.0,
        "Time": "08:15:07"
    },
    "GGB": {
        "Open": 0.0,
        "High": 0.02010000000000023,
        "Low": 0.0,
        "Close": 0.04999999999999982,
        "Volume": 466010.0,
        "Time": "08:15:17"
    },
    "SAXPY": {
        "Open": 0.0,
        "High": 0.0,
        "Low": 0.0,
        "Close": -0.010000000000001563,
        "Volume": 20051.0,
        "Time": "08:15:26"
    },
    "GPRO": {
        "Open": 0.0,
        "High": 0.02999999999999936,
        "Low": 0.0,
        "Close": 0.08180000000000032,
        "Volume": 831688.0,
        "Time": "08:15:46"
    },
    "DECK": {
        "Open": 0.0,
        "High": 2.3500000000000227,
        "Low": 0.0,
        "Close": 1.3800000000000239,
        "Volume": 46699.0,
        "Time": "08:16:12"
    },
    "BIG": {
        "Open": 0.0,
        "High": 0.1700000000000017,
        "Low": 0.0,
        "Close": 0.00999999999999801,
        "Volume": 87583.0,
        "Time": "08:16:23"
    },
    "RNLSY": {
        "Open": 0.0,
        "High": 0.0,
        "Low": 0.0,
        "Close": -0.012000000000000455,
        "Volume": 8432.0,
        "Time": "08:16:35"
    },
    "AEG": {
        "Open": 0.0,
        "High": 0.0,
        "Low": -0.01499999999999968,
        "Close": -0.016100000000000225,
        "Volume": 326961.0,
        "Time": "08:16:46"
    },
    "MARPS": {
        "Open": 0.0,
        "High": 0.20999999999999996,
        "Low": 0.0,
        "Close": 0.21960000000000024,
        "Volume": 47452.0,
        "Time": "08:16:56"
    },
    "ING": {
        "Open": 0.0,
        "High": 0.0,
        "Low": 0.0,
        "Close": -0.040000000000000036,
        "Volume": 464187.0,
        "Time": "08:17:07"
    },
    "WBK": {
        "Open": 0.0,
        "High": 0.0600000000000005,
        "Low": 0.0,
        "Close": 0.05000000000000071,
        "Volume": 105148.0,
        "Time": "08:17:17"
    },
    "NHYDY": {
        "Open": 0.0,
        "High": 0.0,
        "Low": 0.0,
        "Close": -0.009999999999999787,
        "Volume": 465.0,
        "Time": "08:17:29"
    },
    "REGI": {
        "Open": 0.0,
        "High": 0.019999999999999574,
        "Low": 0.0,
        "Close": -0.0799999999999983,
        "Volume": 8779.0,
        "Time": "08:17:50"
    },
    "CMWAY": {
        "Open": 0.0,
        "High": 0.0,
        "Low": -0.35999999999999943,
        "Close": -0.46000000000000085,
        "Volume": 2569.0,
        "Time": "08:24:00"
    },
    "DNKEY": {
        "Open": 0.0,
        "High": 0.0,
        "Low": -0.05999999999999961,
        "Close": -0.02999999999999936,
        "Volume": 16900.0,
        "Time": "08:25:51"
    },
    "BRT": {
        "Open": 0.0,
        "High": 0.28999999999999915,
        "Low": 0.0,
        "Close": 0.129999999999999,
        "Volume": 10787.0,
        "Time": "08:28:35"
    },
    "WNC": {
        "Open": 0.0,
        "High": 0.0,
        "Low": 0.0,
        "Close": 0.05000000000000071,
        "Volume": 23601.0,
        "Time": "08:29:22"
    },
    "OPHLY": {
        "Open": 0.0,
        "High": 0.15000000000000036,
        "Low": 0.0,
        "Close": 0.030000000000001137,
        "Volume": 13718.0,
        "Time": "08:29:56"
    },
    "SMFG": {
        "Open": 0.0,
        "High": 0.0,
        "Low": 0.0,
        "Close": 0.009999999999999787,
        "Volume": 167090.0,
        "Time": "08:30:10"
    },
    "DNTUY": {
        "Open": 0.0,
        "High": 0.0,
        "Low": 0.0,
        "Close": -0.120000000000001,
        "Volume": 136.0,
        "Time": "08:30:15"
    },
    "GCO": {
        "Open": 0.0,
        "High": 0.0,
        "Low": 0.0,
        "Close": -0.030000000000001137,
        "Volume": 36757.0,
        "Time": "08:30:21"
    },
    "MTH": {
        "Open": 0.0,
        "High": 0.0,
        "Low": 0.0,
        "Close": -0.7700000000000102,
        "Volume": 17193.0,
        "Time": "08:30:55"
    },
    "PRO": {
        "Open": 0.0,
        "High": 0.28999999999999915,
        "Low": 0.0,
        "Close": 0.12999999999999545,
        "Volume": 16965.0,
        "Time": "08:31:33"
    },
    "ATKR": {
        "Open": 0.0,
        "High": 0.0,
        "Low": 0.0,
        "Close": -0.019999999999999574,
        "Volume": 14242.0,
        "Time": "08:33:45"
    },
    "UNCRY": {
        "Open": 0.0,
        "High": 0.0,
        "Low": -0.040000000000000036,
        "Close": -0.06000000000000005,
        "Volume": 177520.0,
        "Time": "08:34:22"
    },
    "SPWH": {
        "Open": 0.0,
        "High": 0.0,
        "Low": 0.0,
        "Close": -0.05999999999999872,
        "Volume": 29243.0,
        "Time": "08:35:21"
    },
    "CENX": {
        "Open": 0.0,
        "High": 0.0,
        "Low": 0.0,
        "Close": 0.0,