{
    "PFSI": {
        "Open": -2.1499999999999986,
        "High": -2.0700000000000003,
        "Low": -1.0399999999999991,
        "Close": -0.28000000000000114,
        "Volume": 114000.0,
        "Quantity": -8,
        "Time": "22:43:27"
    },
    "ATI": {
        "Open": -0.8399999999999999,
        "High": -1.200000000000001,
        "Low": -0.9900000000000002,
        "Close": -1.0399999999999991,
        "Volume": -62300.0,
        "Quantity": -26,
        "Time": "22:43:51"
    },
    "NBL": {
        "Open": -0.1999999999999993,
        "High": -0.2699999999999996,
        "Low": -0.4900000000000002,
        "Close": -0.9100000000000001,
        "Volume": 1590805.0,
        "Quantity": -24,
        "Time": "22:44:13"
    },
    "STNE": {
        "Open": 1.9299999999999997,
        "High": 1.1000000000000014,
        "Low": 0.8500000000000014,
        "Close": 1.3699999999999974,
        "Volume": -345643.0,
        "Quantity": -7,
        "Time": "22:44:53"
    }
}