{
    "ERI": {
        "Open": 0.0,
        "High": 0.0,
        "Low": 0.0,
        "Close": -0.10999999999999943,
        "Volume": 102738.0,
        "Quantity": -8,
        "Time": "11:26:18"
    },
    "SGEN": {
        "Open": 0.0,
        "High": 0.0,
        "Low": -0.18000000000000682,
        "Close": -0.18000000000000682,
        "Volume": 4170.0,
        "Quantity": -1,
        "Time": "11:27:25"
    },
    "BBD": {
        "Open": 0.0,
        "High": 0.0,
        "Low": 0.0,
        "Close": 0.004999999999999893,
        "Volume": 212074.0,
        "Quantity": -69,
        "Time": "11:28:41"
    },
    "CABGY": {
        "Open": 0.0,
        "High": 0.0,
        "Low": 0.0,
        "Close": 0.0,
        "Volume": 0.0,
        "Quantity": -14,
        "Time": "11:41:40"
    },
    "EGHT": {
        "Open": 0.0,
        "High": 0.0,
        "Low": 0.0,
        "Close": -0.060000000000002274,
        "Volume": 4402.0,
        "Quantity": -32,
        "Time": "11:54:41"
    },
    "NARI": {
        "Open": 0.0,
        "High": 0.0,
        "Low": 0.0,
        "Close": -0.35999999999999943,
        "Volume": 2265.0,
        "Quantity": -8,
        "Time": "11:59:34"
    },
    "BLUE": {
        "Open": 0.0,
        "High": 0.0,
        "Low": 0.0,
        "Close": 0.03999999999999915,
        "Volume": 2443.0,
        "Quantity": -4,
        "Time": "12:03:03"
    },
    "PK": {
        "Open": 0.0,
        "High": 0.0,
        "Low": 0.0,
        "Close": -0.009999999999999787,
        "Volume": 1234.0,
        "Quantity": -36,
        "Time": "12:07:59"
    },
    "CHWY": {
        "Open": 0.0,
        "High": 0.0,
        "Low": 0.0,
        "Close": 0.0,
        "Volume": 11595.0,
        "Quantity": -5,
        "Time": "11:23:12"
    },
    "SMAR": {
        "Open": 0.0,
        "High": 0.0,
        "Low": -0.22999999999999687,
        "Close": 0.480000000000004,
        "Volume": 679790.0,
        "Quantity": -30,
        "Time": "11:23:39"
    },
    "FSLY": {
        "Open": 0.0,
        "High": 0.0,
        "Low": 0.0,
        "Close": -0.09000000000000341,
        "Volume": 54083.0,
        "Quantity": -4,
        "Time": "11:40:44"
    },
    "SNAP": {
        "Open": 0.0,
        "High": 0.0,
        "Low": 0.0,
        "Close": 0.0,
        "Volume": 0.0,
        "Quantity": -15,
        "Time": "11:50:56"
    },
    "JKS": {
        "Open": 0.0,
        "High": 0.0,
        "Low": 0.0,
        "Close": 0.1700000000000017,
        "Volume": 20967.0,
        "Quantity": -27,
        "Time": "11:59:56"
    },
    "AZEK": {
        "Open": 0.0,
        "High": 0.0,
        "Low": 0.0,
        "Close": 0.0,
        "Volume": 0.0,
        "Quantity": -10,
        "Time": "12:02:37"
    },
    "TREX": {
        "Open": 0.0,
        "High": 0.0,
        "Low": 0.0,
        "Close": 0.0,
        "Volume": 0.0,
        "Quantity": -1,
        "Time": "12:37:01"
    },
    "ON": {
        "Open": 0.0,
        "High": 0.0,
        "Low": 0.0,
        "Close": 0.0,
        "Volume": 160262.0,
        "Quantity": -34,
        "Time": "12:38:15"
    },
    "FMCKO": {
        "Open": 0.0,
        "High": 0.0,
        "Low": 0.0,
        "Close": 0.0,
        "Volume": 0.0,
        "Quantity": -28,
        "Time": "12:44:36"
    },
    "BIG": {
        "Open": 0.0,
        "High": 0.0,
        "Low": 0.0,
        "Close": 0.0,
        "Volume": 0.0,
        "Quantity": -8,
        "Time": "12:46:31"
    },
    "MGI": {
        "Open": 0.0,
        "High": 0.0,
        "Low": 0.0,
        "Close": 0.0,
        "Volume": 0.0,
        "Quantity": -153,
        "Time": "12:57:11"
    },
    "WRK": {
        "Open": 0.0,
        "High": 0.0,
        "Low": 0.0,
        "Close": 0.0,
        "Volume": 0.0,
        "Quantity": -5,
        "Time": "13:04:01"
    },
    "CRK": {
        "Open": -0.25,
        "High": -0.10000000000000053,
        "Low": -0.20999999999999996,
        "Close": -0.1999999999999993,
        "Volume": -285919.0,
        "Quantity": -36,
        "Time": "13:16:20"
    },
    "NTRA": {
        "Open": -3.240000000000002,
        "High": -1.5700000000000003,
        "Low": -1.6600000000000037,
        "Close": 1.3699999999999974,
        "Volume": -133839.0,
        "Quantity": -6,
        "Time": "13:20:16"
    },
    "STNE": {
        "Open": -2.789999999999999,
        "High": -2.530000000000001,
        "Low": -2.8200000000000003,
        "Close": -1.4500000000000028,
        "Volume": -141042.0,
        "Quantity": -7,
        "Time": "13:22:58"
    },
    "CZR": {
        "Open": 0.0,
        "High": 0.0,
        "Low": 0.0,
        "Close": 0.019999999999999574,
        "Volume": 2793162.0,
        "Quantity": -1,
        "Time": "13:28:51"
    },
    "AMAG": {
        "Open": 0.0,
        "High": 0.040000000000000036,
        "Low": 0.0,
        "Close": 0.10000000000000053,
        "Volume": 113812.0,
        "Quantity": -2,
        "Time": "13:32:11"
    },
    "PGTI": {
        "Open": 0.0,
        "High": 0.10999999999999943,
        "Low": -0.0600000000000005,
        "Close": 0.1899999999999995,
        "Volume": 152525.0,
        "Quantity": -11,
        "Time": "13:35:08"
    },
    "LAUR": {
        "Open": 0.0,
        "High": 0.009999999999999787,
        "Low": 0.0,
        "Close": -0.049999999999998934,
        "Volume": 174125.0,
        "Quantity": -1,
        "Time": "14:02:01"
    },
    "ZNGA": {
        "Open": 0.0,
        "High": 0.0,
        "Low": 0.0,
        "Close": 0.16000000000000014,
        "Volume": 12926302.0,
        "Quantity": -28,
        "Time": "01:22:56"
    },
    "JELD": {
        "Open": 0.0,
        "High": 0.1700000000000017,
        "Low": -0.009999999999999787,
        "Close": 0.17999999999999972,
        "Volume": 220165.0,
        "Quantity": -6,
        "Time": "01:36:39"
    },
    "TEO": {
        "Open": 0.0,
        "High": 0.0,
        "Low": 0.0,
        "Close": 0.02999999999999936,
        "Volume": 14843.0,
        "Quantity": -1,
        "Time": "01:38:18"
    },
    "AA": {
        "Open": 0.0,
        "High": 0.0,
        "Low": 0.0,
        "Close": 0.11999999999999922,
        "Volume": 2261745.0,
        "Quantity": -25,
        "Time": "01:40:03"
    },
    "BZH": {
        "Open": 0.0,
        "High": 0.019999999999999574,
        "Low": 0.0,
        "Close": 0.0,
        "Volume": 0.0,
        "Quantity": -8,
        "Time": "01:44:15"
    },
    "GOGO": {
        "Open": 0.0,
        "High": 0.0,
        "Low": 0.0,
        "Close": 0.03000000000000025,
        "Volume": 287454.0,
        "Quantity": -173,
        "Time": "01:47:16"
    },
    "INMD": {
        "Open": 0.0,
        "High": 0.0,
        "Low": 0.0,
        "Close": 0.0,
        "Volume": 0.0,
        "Quantity": -2,
        "Time": "01:49:33"
    },
    "MS": {
        "Open": 0.0,
        "High": 0.07000000000000028,
        "Low": 0.0,
        "Close": 0.0,
        "Volume": 221866.0,
        "Quantity": -11,
        "Time": "01:53:36"
    },
    "REZI": {
        "Open": 0.0,
        "High": 0.05999999999999872,
        "Low": 0.0,
        "Close": 0.0600000000000005,
        "Volume": 300138.0,
        "Quantity": -1,
        "Time": "01:58:10"
    },
    "ING": {
        "Open": 0.5999999999999996,
        "High": 0.3700000000000001,
        "Low": 0.5300000000000002,
        "Close": 0.27000000000000046,
        "Volume": -3159037.0,
        "Quantity": -219,
        "Time": "07:00:43"
    },
    "LX": {
        "Open": -1.2100000000000009,
        "High": -1.2599999999999998,
        "Low": -0.6800000000000015,