{
    "KC": {
        "Open": -1.4800000000000004,
        "High": -1.3999999999999986,
        "Low": -0.7199999999999989,
        "Close": -0.6999999999999993,
        "Volume": -694075.0,
        "Quantity": -7,
        "Time": "11:29:28"
    },
    "EA": {
        "Open": -4.670000000000002,
        "High": -3.0400000000000063,
        "Low": -1.3700000000000045,
        "Close": -1.8299999999999983,
        "Volume": -853829.0,
        "Quantity": -1,
        "Time": "11:30:42"
    },
    "AVLR": {
        "Open": 0.0,
        "High": 0.0,
        "Low": -0.5799999999999983,
        "Close": -0.6500000000000057,
        "Volume": 163430.0,
        "Quantity": -1,
        "Time": "11:32:02"
    },
    "ONEM": {
        "Open": -0.12999999999999545,
        "High": 0.7999999999999972,
        "Low": 0.28000000000000114,
        "Close": 0.3999999999999986,
        "Volume": 531429.0,
        "Quantity": -17,
        "Time": "01:29:00"
    },
    "UBSFY": {
        "Open": -0.6899999999999995,
        "High": -0.2400000000000002,
        "Low": -0.34000000000000163,
        "Close": -0.08999999999999986,
        "Volume": 78225.0,
        "Quantity": -11,
        "Time": "10:59:09"
    },
    "TREX": {
        "Open": -5.5,
        "High": -4.650000000000006,
        "Low": -2.3299999999999983,
        "Close": -1.1400000000000006,
        "Volume": -463235.0,
        "Quantity": -2,
        "Time": "11:00:07"
    },
    "NCBDY": {
        "Open": 0.0,
        "High": 0.0,
        "Low": 0.0,
        "Close": -4.199999999999999,
        "Volume": 826.0,
        "Quantity": -5,
        "Time": "11:16:58"
    }
}