{
    "ERI": {
        "Open": 0.0,
        "High": 0.0,
        "Low": 0.0,
        "Close": -0.10999999999999943,
        "Volume": 102738.0,
        "Quantity": -8,
        "Time": "11:26:18"
    },
    "SGEN": {
        "Open": 0.0,
        "High": 0.0,
        "Low": -0.18000000000000682,
        "Close": -0.18000000000000682,
        "Volume": 4170.0,
        "Quantity": -1,
        "Time": "11:27:25"
    },
    "BBD": {
        "Open": 0.0,
        "High": 0.0,
        "Low": 0.0,
        "Close": 0.004999999999999893,
        "Volume": 212074.0,
        "Quantity": -69,
        "Time": "11:28:41"
    },
    "JKS": {
        "Open": 0.0,
        "High": 0.0,
        "Low": 0.0,
        "Close": 0.1700000000000017,
        "Volume": 20967.0,
        "Quantity": -11,
        "Time": "11:34:35"
    },
    "CABGY": {
        "Open": 0.0,
        "High": 0.0,
        "Low": 0.0,
        "Close": 0.0,
        "Volume": 0.0,
        "Quantity": -14,
        "Time": "11:41:40"
    },
    "ON": {
        "Open": 0.0,
        "High": 0.0,
        "Low": 0.0,
        "Close": 0.0,
        "Volume": 160262.0,
        "Quantity": -19,
        "Time": "11:51:55"
    },
    "SMAR": {
        "Open": 0.0,
        "High": 0.0,
        "Low": -0.22999999999999687,
        "Close": -0.21000000000000085,
        "Volume": 82668.0,
        "Quantity": -25,
        "Time": "11:53:07"
    },
    "EGHT": {
        "Open": 0.0,
        "High": 0.0,
        "Low": 0.0,
        "Close": -0.060000000000002274,
        "Volume": 4402.0,
        "Quantity": -32,
        "Time": "11:54:41"
    },
    "NARI": {
        "Open": 0.0,
        "High": 0.0,
        "Low": 0.0,
        "Close": -0.35999999999999943,
        "Volume": 2265.0,
        "Quantity": -8,
        "Time": "11:59:34"
    },
    "FSLY": {
        "Open": 0.0,
        "High": 0.0,
        "Low": 0.0,
        "Close": -0.09000000000000341,
        "Volume": 54083.0,
        "Quantity": -3,
        "Time": "12:00:05"
    },
    "ING": {
        "Open": 0.0,
        "High": 0.03000000000000025,
        "Low": 0.0,
        "Close": -0.009999999999999787,
        "Volume": 311616.0,
        "Quantity": -190,
        "Time": "12:01:50"
    },
    "BLUE": {
        "Open": 0.0,
        "High": 0.0,
        "Low": 0.0,
        "Close": 0.03999999999999915,
        "Volume": 2443.0,
        "Quantity": -4,
        "Time": "12:03:03"
    },
    "PK": {
        "Open": 0.0,
        "High": 0.0,
        "Low": 0.0,
        "Close": -0.009999999999999787,
        "Volume": 1234.0,
        "Quantity": -36,
        "Time": "12:07:59"
    }
}