{
    "KC": {
        "Open": -1.4800000000000004,
        "High": -1.3999999999999986,
        "Low": -0.7199999999999989,
        "Close": -0.6999999999999993,
        "Volume": -694075.0,
        "Quantity": -7,
        "Time": "11:29:28"
    },
    "EA": {
        "Open": -4.670000000000002,
        "High": -3.0400000000000063,
        "Low": -1.3700000000000045,
        "Close": -1.8299999999999983,
        "Volume": -853829.0,
        "Quantity": -1,
        "Time": "11:30:42"
    },
    "AVLR": {
        "Open": 0.0,
        "High": 0.0,
        "Low": -0.5799999999999983,
        "Close": -0.6500000000000057,
        "Volume": 163430.0,
        "Quantity": -1,
        "Time": "11:32:02"
    },
    "ONEM": {
        "Open": -0.12999999999999545,
        "High": 0.7999999999999972,
        "Low": 0.28000000000000114,
        "Close": 0.3999999999999986,
        "Volume": 531429.0,
        "Quantity": -17,
        "Time": "01:29:00"
    },
    "UBSFY": {
        "Open": -0.6899999999999995,
        "High": -0.2400000000000002,
        "Low": -0.34000000000000163,
        "Close": -0.08999999999999986,
        "Volume": 78225.0,
        "Quantity": -11,
        "Time": "10:59:09"
    },
    "TREX": {
        "Open": -5.5,
        "High": -4.650000000000006,
        "Low": -2.3299999999999983,
        "Close": -1.1400000000000006,
        "Volume": -463235.0,
        "Quantity": -2,
        "Time": "11:00:07"
    },
    "NCBDY": {
        "Open": 0.0,
        "High": 0.0,
        "Low": 0.0,
        "Close": -4.199999999999999,
        "Volume": 826.0,
        "Quantity": -5,
        "Time": "11:16:58"
    },
    "BAND": {
        "Open": 0.5100000000000051,
        "High": 8.64,
        "Low": 5.3700000000000045,
        "Close": 12.620000000000005,
        "Volume": 239262.0,
        "Quantity": -2,
        "Time": "11:41:55"
    },
    "PS": {
        "Open": 0.0,
        "High": 0.0,
        "Low": 0.0,
        "Close": -0.3999999999999986,
        "Volume": 555760.0,
        "Quantity": -12,
        "Time": "17:41:47"
    },
    "TCO": {
        "Open": -14.530000000000001,
        "High": -7.539999999999999,
        "Low": -13.930000000000003,
        "Close": -5.640000000000001,
        "Volume": 11607121.0,
        "Quantity": -3,
        "Time": "09:27:20"
    },
    "SWX": {
        "Open": -1.1299999999999955,
        "High": -1.6899999999999977,
        "Low": -2.1899999999999977,
        "Close": -2.069999999999993,
        "Volume": 19966.0,
        "Quantity": -1,
        "Time": "09:29:11"
    },
    "HASI": {
        "Open": -0.9800000000000004,
        "High": -1.0400000000000027,
        "Low": 0.08999999999999986,
        "Close": 0.3099999999999987,
        "Volume": -200315.0,
        "Quantity": -3,
        "Time": "09:29:59"
    },
    "NBY": {
        "Open": 0.061899999999999955,
        "High": 0.07999999999999996,
        "Low": 0.010499999999999954,
        "Close": -0.007400000000000073,
        "Volume": 1649001.0,
        "Quantity": -106,
        "Time": "09:31:03"
    },
    "SPCE": {
        "Open": 0.0,
        "High": 0.0,
        "Low": 0.0,
        "Close": -0.07000000000000028,
        "Volume": 205507.0,
        "Quantity": -3,
        "Time": "10:27:37"
    },
    "CRK": {
        "Open": 0.0,
        "High": 0.0,
        "Low": 0.0,
        "Close": -0.10000000000000053,
        "Volume": 189947.0,
        "Quantity": -19,
        "Time": "11:47:50"
    },
    "TEVA": {
        "Open": 0.0,
        "High": 0.0,
        "Low": 0.0,
        "Close": -0.019999999999999574,
        "Volume": 2003390.0,
        "Quantity": -2,
        "Time": "11:50:33"
    },
    "QTWO": {
        "Open": -0.09999999999999432,
        "High": -0.39000000000000057,
        "Low": 0.3500000000000085,
        "Close": 0.20000000000000284,
        "Volume": 130260.0,
        "Quantity": -1,
        "Time": "11:54:49"
    },
    "CCM": {
        "Open": 0.0,
        "High": 0.020000000000000018,
        "Low": -0.049599999999999866,
        "Close": -0.13490000000000002,
        "Volume": 7248.0,
        "Quantity": -41,
        "Time": "11:58:21"
    },
    "MDT": {
        "Open": -1.3500000000000085,
        "High": -1.75,
        "Low": -5.109999999999999,
        "Close": -4.980000000000004,
        "Volume": -404116.0,
        "Quantity": -1,
        "Time": "11:01:47"
    },
    "VIR": {
        "Open": -2.3999999999999986,
        "High": -0.769999999999996,
        "Low": -0.20000000000000284,
        "Close": -0.07000000000000028,
        "Volume": -765767.0,
        "Quantity": -3,
        "Time": "11:02:41"
    },
    "BVN": {
        "Open": 0.009999999999999787,
        "High": 0.3200000000000003,
        "Low": 0.0,
        "Close": -0.09999999999999964,
        "Volume": 444175.0,
        "Quantity": -38,
        "Time": "11:03:52"
    },
    "UBER": {
        "Open": -4.059999999999995,
        "High": -3.559999999999995,
        "Low": -2.5799999999999983,
        "Close": -2.8800000000000026,
        "Volume": 3248712.0,
        "Quantity": -2,
        "Time": "11:04:37"
    },
    "ACH": {
        "Open": -0.41999999999999993,
        "High": -0.2400000000000002,
        "Low": -0.25,
        "Close": -0.2301000000000002,
        "Volume": 29978.0,
        "Quantity": -14,
        "Time": "11:05:48"
    },
    "PAM": {
        "Open": -0.7699999999999996,
        "High": -0.6300000000000008,
        "Low": -0.3899999999999988,
        "Close": -0.620000000000001,
        "Volume": -211070.0,
        "Quantity": -6,
        "Time": "11:06:09"
    },
    "CDE": {
        "Open": 0.15000000000000036,
        "High": 0.20999999999999996,
        "Low": -0.09999999999999964,
        "Close": -0.1900000000000004,
        "Volume": 1484530.0,
        "Quantity": -5,
        "Time": "11:07:06"
    },
    "RLLCF": {
        "Open": -0.0004999999999999996,
        "High": -9.99999999999994e-05,
        "Low": -0.00010000000000000026,
        "Close": -0.0008000000000000012,
        "Volume": -1773448.0,
        "Quantity": -74301,
        "Time": "11:08:22"
    },
    "TK": {
        "Open": -0.40000000000000036,
        "High": -0.3400000000000003,
        "Low": -0.32699999999999996,
        "Close": -0.22999999999999998,
        "Volume": 586373.0,
        "Quantity": -20,
        "Time": "11:08:55"
    },
    "CSIQ": {
        "Open": -1.8200000000000003,
        "High": -1.4499999999999993,
        "Low": -1.1799999999999997,
        "Close": -1.6099999999999994,
        "Volume": 54674.0,
        "Quantity": -4,
        "Time": "11:10:13"
    },
    "MNLO": {
        "Open": -0.28,
        "High": -0.21999999999999997,
        "Low": -0.17999999999999994,
        "Close": -0.2250000000000001,
        "Volume": -908989.0,
        "Quantity": -209,
        "Time": "11:10:50"
    },
    "AMD": {
        "Open": 0.0,
        "High": 0.0,
        "Low": -0.05000000000000426,
        "Close": -0.3400000000000034,
        "Volume": 1219018.0,
        "Quantity": -2,
        "Time": "11:12:06"
    },
    "DVN": {
        "Open": 0.0,
        "High": 0.0,
        "Low": 0.0,
        "Close": -0.049999999999998934,
        "Volume": 89074.0,
        "Quantity": -28,
        "Time": "11:13:10"
    },
    "LVS": {
        "Open": -0.6300000000000026,
        "High": 1.1000000000000014,
        "Low": 0.8700000000000045,
        "Close": 1.4400000000000048,
        "Volume": -2796866.0,
        "Quantity": -5,
        "Time": "11:14:49"
    },
    "WHGRF": {
        "Open": -0.21999999999999997,
        "High": -0.31999999999999995,
        "Low": -0.019999999999999907,
        "Close": -0.03700000000000003,
        "Volume": -96688.0,