{
    "CULP": {
        "Open": 0.0,
        "High": 0.08999999999999986,
        "Low": 0.0,
        "Close": -0.16999999999999993,
        "Volume": 3885.0,
        "Quantity": -11,
        "Time": "06:50:43"
    },
    "HZNP": {
        "Open": 0.0,
        "High": 0.0,
        "Low": 0.0,
        "Close": -0.19000000000000483,
        "Volume": 29769.0,
        "Quantity": -2,
        "Time": "06:51:00"
    },
    "NBR-PA": {
        "Open": 0.7599999999999998,
        "High": 0.0,
        "Low": -0.5899999999999999,
        "Close": -1.1399999999999997,
        "Volume": 4239.0,
        "Quantity": -11,
        "Time": "06:53:04"
    },
    "BHP": {
        "Open": -0.04999999999999716,
        "High": 0.14000000000000057,
        "Low": -0.05999999999999517,
        "Close": 0.05000000000000426,
        "Volume": 336512.0,
        "Quantity": -3,
        "Time": "06:57:43"
    },
    "PVAC": {
        "Open": 0.0,
        "High": 0.009999999999999787,
        "Low": 0.0,
        "Close": -0.15000000000000036,
        "Volume": 15899.0,
        "Quantity": -9,
        "Time": "06:59:03"
    },
    "SNOA": {
        "Open": 0.0,
        "High": 0.379999999999999,
        "Low": 0.0,
        "Close": 0.129999999999999,
        "Volume": 587138.0,
        "Quantity": -13,
        "Time": "07:00:26"
    },
    "CXMSF": {
        "Open": 0.0,
        "High": 0.0,
        "Low": 0.0,
        "Close": -0.02400000000000002,
        "Volume": 1800.0,
        "Quantity": -169,
        "Time": "07:01:19"
    },
    "MRVL": {
        "Open": 0.0,
        "High": 0.0,
        "Low": 0.0,
        "Close": -0.21000000000000085,
        "Volume": 645156.0,
        "Quantity": -3,
        "Time": "07:04:15"
    },
    "ELP": {
        "Open": 0.0,
        "High": 0.0,
        "Low": 0.0,
        "Close": -0.030000000000001137,
        "Volume": 5298.0,
        "Quantity": -6,
        "Time": "07:06:46"
    },
    "ALC": {
        "Open": 0.0,
        "High": 0.23000000000000398,
        "Low": 0.0,
        "Close": 0.11999999999999034,
        "Volume": 50663.0,
        "Quantity": -2,
        "Time": "07:09:11"
    },
    "TOL": {
        "Open": 0.0,
        "High": 0.45999999999999375,
        "Low": 0.0,
        "Close": 0.30999999999999517,
        "Volume": 137628.0,
        "Quantity": -2,
        "Time": "07:23:18"
    },
    "VST": {
        "Open": 0.0,
        "High": 0.0,
        "Low": 0.0,
        "Close": -0.07000000000000028,
        "Volume": 19044.0,
        "Quantity": -4,
        "Time": "07:24:21"
    },
    "ZEAL": {
        "Open": 0.0,
        "High": 0.0,
        "Low": -0.10000000000000142,
        "Close": -0.28000000000000114,
        "Volume": 600.0,
        "Quantity": -3,
        "Time": "07:30:56"
    },
    "TRUMY": {
        "Open": 0.0,
        "High": 0.0,
        "Low": 0.0,
        "Close": -0.7199999999999989,
        "Volume": 128.0,
        "Quantity": -1,
        "Time": "07:32:11"
    },
    "CNNE": {
        "Open": 0.0,
        "High": 0.14000000000000057,
        "Low": 0.0,
        "Close": -0.03999999999999915,
        "Volume": 8605.0,
        "Quantity": -3,
        "Time": "07:36:49"
    },
    "MTEX": {
        "Open": 0.0,
        "High": 0.0,
        "Low": 0.0,
        "Close": -0.040000000000000924,
        "Volume": 207.0,
        "Quantity": -9,
        "Time": "07:45:38"
    },
    "LOGI": {
        "Open": 0.0,
        "High": 0.39000000000000057,
        "Low": 0.0,
        "Close": -0.020000000000003126,
        "Volume": 118066.0,
        "Quantity": -4,
        "Time": "07:51:42"
    },
    "FSM": {
        "Open": 0.0,
        "High": 0.009999999999999787,
        "Low": 0.0,
        "Close": -0.012000000000000455,
        "Volume": 196526.0,
        "Quantity": -28,
        "Time": "08:02:39"
    },
    "WSM": {
        "Open": 0.0,
        "High": 0.0,
        "Low": 0.0,
        "Close": -0.8500000000000085,
        "Volume": 130308.0,
        "Quantity": -3,
        "Time": "08:03:45"
    },
    "AOBC": {
        "Open": 0.0,
        "High": 0.17999999999999972,
        "Low": 0.0,
        "Close": -0.009999999999999787,
        "Volume": 102134.0,
        "Quantity": -33,
        "Time": "08:15:01"
    },
    "TSGTY": {
        "Open": 0.0,
        "High": 0.0,
        "Low": 0.0,
        "Close": -0.5600000000000023,
        "Volume": 700.0,
        "Quantity": -3,
        "Time": "08:15:53"
    },
    "RAMP": {
        "Open": 0.0,
        "High": 0.25,
        "Low": 0.0,
        "Close": -0.28999999999999915,
        "Volume": 45743.0,
        "Quantity": -6,
        "Time": "08:33:24"
    },
    "ZNGA": {
        "Open": 0.0,
        "High": 0.1399999999999988,
        "Low": 0.0,
        "Close": 0.09999999999999964,
        "Volume": 5083905.0,
        "Quantity": -14,
        "Time": "08:35:54"
    },
    "AGEN": {
        "Open": 0.0,
        "High": 0.06999999999999984,
        "Low": 0.0,
        "Close": 0.052200000000000024,
        "Volume": 255729.0,
        "Quantity": -30,
        "Time": "08:39:30"
    },
    "PAAS": {
        "Open": 0.0,
        "High": 0.13000000000000256,
        "Low": 0.0,
        "Close": -0.6600000000000001,
        "Volume": 392558.0,
        "Quantity": -15,
        "Time": "08:42:07"
    },
    "OSMT": {
        "Open": 0.0,
        "High": 0.0,
        "Low": 0.0,
        "Close": 0.0,
        "Volume": 1125.0,
        "Quantity": -16,
        "Time": "08:48:25"
    },
    "WORK": {
        "Open": 0.0,
        "High": 0.5000000000000071,
        "Low": -0.14000000000000057,
        "Close": 0.6799999999999926,
        "Volume": 2963500.0,
        "Quantity": -11,
        "Time": "08:51:45"
    },
    "CRWD": {
        "Open": 0.0,
        "High": 1.3199999999999932,
        "Low": 0.0,
        "Close": -0.2600000000000051,
        "Volume": 438617.0,
        "Quantity": -5,
        "Time": "08:53:10"
    },
    "SNAP": {
        "Open": 0.0,
        "High": 0.21000000000000085,
        "Low": 0.0,
        "Close": 0.04999999999999716,
        "Volume": 8271200.0,
        "Quantity": -23,
        "Time": "08:55:04"
    },
    "HBM": {
        "Open": 0.0,
        "High": 0.03500000000000014,
        "Low": 0.0,
        "Close": -0.005000000000000782,
        "Volume": 87941.0,
        "Quantity": -125,
        "Time": "08:56:20"
    },
    "TENB": {
        "Open": 0.0,
        "High": 0.36999999999999744,
        "Low": 0.0,
        "Close": 0.21999999999999886,
        "Volume": 71170.0,
        "Quantity": -4,
        "Time": "08:59:06"
    },
    "AG": {
        "Open": 0.0,
        "High": 0.049999999999998934,
        "Low": 0.0,
        "Close": -0.08000000000000185,
        "Volume": 663456.0,
        "Quantity": -36,
        "Time": "08:59:31"
    },
    "ALXN": {
        "Open": 0.0,
        "High": 1.1099999999999994,
        "Low": 0.0,
        "Close": 0.3100000000000165,
        "Volume": 196597.0,
        "Quantity": -2,
        "Time": "09:00:54"
    },
    "ZS": {
        "Open": 0.0,
        "High": 1.9599999999999937,
        "Low": 0.0,
        "Close": -1.1799999999999926,
        "Volume": 3242682.0,
        "Quantity": -7,
        "Time": "09:09:21"
    }
}