{
    "KC": {
        "Open": -1.4800000000000004,
        "High": -1.3999999999999986,
        "Low": -0.7199999999999989,
        "Close": -0.6999999999999993,
        "Volume": -694075.0,
        "Quantity": -7,
        "Time": "11:29:28"
    },
    "EA": {
        "Open": -4.670000000000002,
        "High": -3.0400000000000063,
        "Low": -1.3700000000000045,
        "Close": -1.8299999999999983,
        "Volume": -853829.0,
        "Quantity": -1,
        "Time": "11:30:42"
    },
    "AVLR": {
        "Open": 0.0,
        "High": 0.0,
        "Low": -0.5799999999999983,
        "Close": -0.6500000000000057,
        "Volume": 163430.0,
        "Quantity": -1,
        "Time": "11:32:02"
    },
    "ONEM": {
        "Open": 0.0,
        "High": 0.0,
        "Low": -0.3999999999999986,
        "Close": -0.4400000000000013,
        "Volume": 33421.0,
        "Quantity": -14,
        "Time": "11:35:42"
    }
}